<?xml version='1.0' encoding='utf-8' standalone='yes' ?>
<map>
    <boolean name="showCatchupIconInChannelsList" value="true" />
    <boolean name="stayOnTvGuideInPreview" value="true" />
    <boolean name="highlightCurrentPrograms" value="true" />
    <int name="playerClockSize" value="2" />
    <boolean name="showProgramDescriptionInInfoPanel" value="true" />
    <boolean name="sendStatistics" value="false" />
    <boolean name="showTvGuideButton" value="true" />
    <boolean name="showPastProgramsWithoutCatchupOnSearch" value="false" />
    <boolean name="isInfoPanelCardStyleEnabled" value="false" />
    <boolean name="showAllChannels" value="true" />
    <boolean name="confirmExitBySecondBack" value="false" />
    <boolean name="showVideoResolution" value="false" />
    <boolean name="isPlayerClockEnabled" value="true" />
    <boolean name="autoPlayChannelsOnChannelsListInOverlay" value="false" />
    <boolean name="autoPlayNextEpisode" value="true" />
    <string name="recordingsFolder">/storage/emulated/0/Download/TiviMate/Recordings</string>
    <boolean name="showProgramDescriptionNextToChannels" value="true" />
    <boolean name="showCurrentProgramsInHistory" value="true" />
    <boolean name="isAnimatedChannelsScrolling" value="true" />
    <boolean name="showPlaylistAndGroupNameInInfoPanel" value="true" />
    <boolean name="highlightCurrentChannelInColor" value="true" />
    <boolean name="showCurrentTimeIndicatorFullHeight" value="true" />
    <boolean name="showChannelNumbers" value="true" />
    <boolean name="allowNonTvUsage" value="true" />
    <boolean name="stayOnSearchScreen" value="true" />
    <boolean name="isInexactLogosMatching" value="false" />
    <boolean name="switchToPipOnHome" value="false" />
    <int name="prefVersion" value="1" />
    <boolean name="isAnimatedTvGuidePreview" value="true" />
    <boolean name="wakeUpOnReminder" value="false" />
    <boolean name="showDescriptionWhenSwitchingChannelsOnly" value="true" />
    <boolean name="showClockInInfoPanel" value="true" />
    <boolean name="stayOnChannelsList" value="false" />
    <boolean name="showInfoPanelAtBottom" value="false" />
    <boolean name="preferVoiceSearch" value="true" />
    <boolean name="autoPlayChannelsOnChannelsList" value="false" />
    <boolean name="shouldGroupChannelsByPlaylists" value="true" />
    <boolean name="isAnimatedChannelsListPreview" value="true" />
    <boolean name="showProgramsNextToChannels" value="true" />
    <boolean name="showSearchHistory" value="true" />
    <boolean name="twoLineProgramTitles" value="false" />
    <boolean name="showFavorites" value="true" />
    <boolean name="showMediaPropertiesInInfoPanel" value="true" />
    <boolean name="autoUpdateApp" value="false" />
    <boolean name="showPastProgramsWithoutCatchupInHistory" value="false" />
    <boolean name="stayOnPlayerChannelsList" value="false" />
    <boolean name="shouldMigrateFavoriteVod" value="false" />
    <boolean name="showFavoriteChannelsFirstOnSearch" value="true" />
    <boolean name="useBackForQuickProgramsReturn" value="true" />
    <boolean name="highlightCurrentProgramsInChannelsList" value="true" />
    <boolean name="dimPastProgramsInChannelsList" value="false" />
    <boolean name="twoLineChannelTitles" value="false" />
    <boolean name="stayOnPlayerChannelsListInPreview" value="true" />
    <boolean name="autoPlayChannelsOnTvGuide" value="false" />
    <boolean name="showBlackScreen" value="false" />
    <boolean name="showChannelNamesInRecent" value="false" />
    <boolean name="increaseLogos" value="true" />
    <boolean name="showHistoryButton" value="true" />
    <boolean name="showAllPlaylists" value="true" />
    <boolean name="highlightCurrentGroupInColor" value="true" />
    <boolean name="isPreviewOnTvGuideEnabled" value="true" />
    <boolean name="highlightProgressOnly" value="true" />
</map>
