<?xml version='1.0' encoding='utf-8' standalone='yes' ?>
<map>
    <boolean name="allow_remote_dynamite" value="true" />
    <string name="app_instance_id">b26659cddc11bb0cc92b76d0f78a9ac6</string>
    <string name="gmp_app_id">1:33400529460:android:6c095a9bb6e56f3f</string>
    <boolean name="has_been_opened" value="true" />
    <long name="first_open_time" value="1644734681672" />
    <boolean name="deferred_analytics_collection" value="false" />
    <boolean name="use_service" value="true" />
    <boolean name="app_backgrounded" value="true" />
    <long name="health_monitor:start" value="1644734682183" />
    <long name="last_pause_time" value="1644811431512" />
    <boolean name="measurement_enabled" value="false" />
    <boolean name="start_new_session" value="true" />
    <string name="previous_os_version">7.1.1</string>
    <boolean name="measurement_enabled_from_api" value="false" />
</map>
