{"Fid":"d3SR0pPEQuGv8wr-CCzvwQ","Status":3,"AuthToken":"eyJhbGciOiJFUzI1NiIsInR5cCI6IkpXVCJ9.eyJhcHBJZCI6IjE6MzM0MDA1Mjk0NjA6YW5kcm9pZDo2YzA5NWE5YmI2ZTU2ZjNmIiwiZXhwIjoxNjQ1MzM5NDgyLCJmaWQiOiJkM1NSMHBQRVF1R3Y4d3ItQ0N6dndRIiwicHJvamVjdE51bWJlciI6MzM0MDA1Mjk0NjB9.AB2LPV8wRQIhANjfh6nb78ktbPIbVzpMUcX5QNsGKhFMEOaUk4kKPUDdAiAHaVLaMBBtHEwVdOgV-XgyYaAw2yRHyr6tNzSgZJtU6w","RefreshToken":"2_rzs_FNsrtSizXVWHhS1I_4DrkvDVasBrR-NHtytOmoKqBQxPXmnbsXV2oPAZn8n2","TokenCreationEpochInSecs":1644734682,"ExpiresInSecs":604800}